node_id,protein_id_flag,protein_id
0,0,KI3L1_HUMAN
1,0,KI3L1_HUMAN
2,0,KI3L1_HUMAN
3,0,KI3L1_HUMAN
4,0,KI3L1_HUMAN
5,0,KI3L1_HUMAN
6,0,KI3L1_HUMAN
7,0,KI3L1_HUMAN
8,0,KI3L1_HUMAN
9,0,KI3L1_HUMAN
10,0,KI3L1_HUMAN
11,0,KI3L1_HUMAN
12,0,KI3L1_HUMAN
13,0,KI3L1_HUMAN
14,0,KI3L1_HUMAN
15,0,KI3L1_HUMAN
16,0,KI3L1_HUMAN
17,0,KI3L1_HUMAN
18,0,KI3L1_HUMAN
19,0,KI3L1_HUMAN
20,0,KI3L1_HUMAN
21,0,KI3L1_HUMAN
22,0,KI3L1_HUMAN
23,0,KI3L1_HUMAN
24,0,KI3L1_HUMAN
25,0,KI3L1_HUMAN
26,0,KI3L1_HUMAN
27,0,KI3L1_HUMAN
28,0,KI3L1_HUMAN
29,0,KI3L1_HUMAN
30,0,KI3L1_HUMAN
31,0,KI3L1_HUMAN
32,0,KI3L1_HUMAN
33,0,KI3L1_HUMAN
34,0,KI3L1_HUMAN
35,0,KI3L1_HUMAN
36,0,KI3L1_HUMAN
37,0,KI3L1_HUMAN
38,0,KI3L1_HUMAN
39,0,KI3L1_HUMAN
40,0,KI3L1_HUMAN
41,0,KI3L1_HUMAN
42,0,KI3L1_HUMAN
43,0,KI3L1_HUMAN
44,0,KI3L1_HUMAN
45,0,KI3L1_HUMAN
46,0,KI3L1_HUMAN
47,0,KI3L1_HUMAN
48,0,KI3L1_HUMAN
49,0,KI3L1_HUMAN
50,0,KI3L1_HUMAN
51,0,KI3L1_HUMAN
52,0,KI3L1_HUMAN
53,0,KI3L1_HUMAN
54,0,KI3L1_HUMAN
55,0,KI3L1_HUMAN
56,0,KI3L1_HUMAN
57,0,KI3L1_HUMAN
58,0,KI3L1_HUMAN
59,0,KI3L1_HUMAN
60,0,KI3L1_HUMAN
61,0,KI3L1_HUMAN
62,0,KI3L1_HUMAN
63,0,KI3L1_HUMAN
64,0,KI3L1_HUMAN
65,0,KI3L1_HUMAN
66,0,KI3L1_HUMAN
67,0,KI3L1_HUMAN
68,0,KI3L1_HUMAN
69,0,KI3L1_HUMAN
70,0,KI3L1_HUMAN
71,0,KI3L1_HUMAN
72,0,KI3L1_HUMAN
73,0,KI3L1_HUMAN
74,0,KI3L1_HUMAN
75,0,KI3L1_HUMAN
76,0,KI3L1_HUMAN
77,0,KI3L1_HUMAN
78,0,KI3L1_HUMAN
79,0,KI3L1_HUMAN
80,0,KI3L1_HUMAN
81,0,KI3L1_HUMAN
82,0,KI3L1_HUMAN
83,0,KI3L1_HUMAN
84,0,KI3L1_HUMAN
85,0,KI3L1_HUMAN
86,0,KI3L1_HUMAN
87,0,KI3L1_HUMAN
88,0,KI3L1_HUMAN
89,0,KI3L1_HUMAN
90,0,KI3L1_HUMAN
91,0,KI3L1_HUMAN
92,0,KI3L1_HUMAN
93,0,KI3L1_HUMAN
94,0,KI3L1_HUMAN
95,0,KI3L1_HUMAN
96,0,KI3L1_HUMAN
97,0,KI3L1_HUMAN
98,0,KI3L1_HUMAN
99,0,KI3L1_HUMAN
100,0,KI3L1_HUMAN
101,0,KI3L1_HUMAN
102,0,KI3L1_HUMAN
103,0,KI3L1_HUMAN
104,0,KI3L1_HUMAN
105,0,KI3L1_HUMAN
106,0,KI3L1_HUMAN
107,0,KI3L1_HUMAN
108,0,KI3L1_HUMAN
109,0,KI3L1_HUMAN
110,0,KI3L1_HUMAN
111,0,KI3L1_HUMAN
112,0,KI3L1_HUMAN
113,0,KI3L1_HUMAN
114,0,KI3L1_HUMAN
115,0,KI3L1_HUMAN
116,0,KI3L1_HUMAN
117,0,KI3L1_HUMAN
118,0,KI3L1_HUMAN
119,0,KI3L1_HUMAN
120,0,KI3L1_HUMAN
121,0,KI3L1_HUMAN
122,0,KI3L1_HUMAN
123,0,KI3L1_HUMAN
124,0,KI3L1_HUMAN
125,0,KI3L1_HUMAN
126,0,KI3L1_HUMAN
127,0,KI3L1_HUMAN
128,0,KI3L1_HUMAN
129,0,KI3L1_HUMAN
130,0,KI3L1_HUMAN
131,0,KI3L1_HUMAN
132,0,KI3L1_HUMAN
133,0,KI3L1_HUMAN
134,0,KI3L1_HUMAN
135,0,KI3L1_HUMAN
136,0,KI3L1_HUMAN
137,0,KI3L1_HUMAN
138,0,KI3L1_HUMAN
139,0,KI3L1_HUMAN
140,0,KI3L1_HUMAN
141,0,KI3L1_HUMAN
142,0,KI3L1_HUMAN
143,0,KI3L1_HUMAN
144,0,KI3L1_HUMAN
145,0,KI3L1_HUMAN
146,0,KI3L1_HUMAN
147,0,KI3L1_HUMAN
148,0,KI3L1_HUMAN
149,0,KI3L1_HUMAN
150,0,KI3L1_HUMAN
151,0,KI3L1_HUMAN
152,0,KI3L1_HUMAN
153,0,KI3L1_HUMAN
154,0,KI3L1_HUMAN
155,0,KI3L1_HUMAN
156,0,KI3L1_HUMAN
157,0,KI3L1_HUMAN
158,0,KI3L1_HUMAN
159,0,KI3L1_HUMAN
160,0,KI3L1_HUMAN
161,0,KI3L1_HUMAN
162,0,KI3L1_HUMAN
163,0,KI3L1_HUMAN
164,0,KI3L1_HUMAN
165,0,KI3L1_HUMAN
166,0,KI3L1_HUMAN
167,0,KI3L1_HUMAN
168,0,KI3L1_HUMAN
169,0,KI3L1_HUMAN
170,0,KI3L1_HUMAN
171,0,KI3L1_HUMAN
172,0,KI3L1_HUMAN
173,0,KI3L1_HUMAN
174,0,KI3L1_HUMAN
175,0,KI3L1_HUMAN
176,0,KI3L1_HUMAN
177,0,KI3L1_HUMAN
178,0,KI3L1_HUMAN
179,0,KI3L1_HUMAN
180,0,KI3L1_HUMAN
181,0,KI3L1_HUMAN
182,0,KI3L1_HUMAN
183,0,KI3L1_HUMAN
184,0,KI3L1_HUMAN
185,0,KI3L1_HUMAN
186,0,KI3L1_HUMAN
187,0,KI3L1_HUMAN
188,0,KI3L1_HUMAN
189,0,KI3L1_HUMAN
190,0,KI3L1_HUMAN
191,0,KI3L1_HUMAN
192,0,KI3L1_HUMAN
193,0,KI3L1_HUMAN
194,0,KI3L1_HUMAN
195,0,KI3L1_HUMAN
196,0,KI3L1_HUMAN
197,0,KI3L1_HUMAN
198,0,KI3L1_HUMAN
199,0,KI3L1_HUMAN
200,0,KI3L1_HUMAN
201,0,KI3L1_HUMAN
202,0,KI3L1_HUMAN
203,0,KI3L1_HUMAN
204,0,KI3L1_HUMAN
205,0,KI3L1_HUMAN
206,0,KI3L1_HUMAN
207,0,KI3L1_HUMAN
208,0,KI3L1_HUMAN
209,0,KI3L1_HUMAN
210,0,KI3L1_HUMAN
211,0,KI3L1_HUMAN
212,0,KI3L1_HUMAN
213,0,KI3L1_HUMAN
214,0,KI3L1_HUMAN
215,0,KI3L1_HUMAN
216,0,KI3L1_HUMAN
217,0,KI3L1_HUMAN
218,0,KI3L1_HUMAN
219,0,KI3L1_HUMAN
220,0,KI3L1_HUMAN
221,0,KI3L1_HUMAN
222,0,KI3L1_HUMAN
223,0,KI3L1_HUMAN
224,0,KI3L1_HUMAN
225,0,KI3L1_HUMAN
226,0,KI3L1_HUMAN
227,0,KI3L1_HUMAN
228,0,KI3L1_HUMAN
229,0,KI3L1_HUMAN
230,0,KI3L1_HUMAN
231,0,KI3L1_HUMAN
232,0,KI3L1_HUMAN
233,0,KI3L1_HUMAN
234,0,KI3L1_HUMAN
235,0,KI3L1_HUMAN
236,0,KI3L1_HUMAN
237,0,KI3L1_HUMAN
238,0,KI3L1_HUMAN
239,0,KI3L1_HUMAN
240,0,KI3L1_HUMAN
241,0,KI3L1_HUMAN
242,0,KI3L1_HUMAN
243,0,KI3L1_HUMAN
244,0,KI3L1_HUMAN
245,0,KI3L1_HUMAN
246,0,KI3L1_HUMAN
247,0,KI3L1_HUMAN
248,0,KI3L1_HUMAN
249,0,KI3L1_HUMAN
250,0,KI3L1_HUMAN
251,0,KI3L1_HUMAN
252,0,KI3L1_HUMAN
253,0,KI3L1_HUMAN
254,0,KI3L1_HUMAN
255,0,KI3L1_HUMAN
256,0,KI3L1_HUMAN
257,0,KI3L1_HUMAN
258,0,KI3L1_HUMAN
259,0,KI3L1_HUMAN
260,0,KI3L1_HUMAN
261,0,KI3L1_HUMAN
262,0,KI3L1_HUMAN
263,0,KI3L1_HUMAN
264,0,KI3L1_HUMAN
265,0,KI3L1_HUMAN
266,0,KI3L1_HUMAN
267,0,KI3L1_HUMAN
268,0,KI3L1_HUMAN
269,0,KI3L1_HUMAN
270,0,KI3L1_HUMAN
271,0,KI3L1_HUMAN
272,0,KI3L1_HUMAN
273,0,KI3L1_HUMAN
274,0,KI3L1_HUMAN
275,0,KI3L1_HUMAN
276,0,KI3L1_HUMAN
277,0,KI3L1_HUMAN
278,0,KI3L1_HUMAN
279,0,KI3L1_HUMAN
280,0,KI3L1_HUMAN
281,0,KI3L1_HUMAN
282,0,KI3L1_HUMAN
283,0,KI3L1_HUMAN
284,0,KI3L1_HUMAN
285,0,KI3L1_HUMAN
286,0,KI3L1_HUMAN
287,0,KI3L1_HUMAN
288,0,KI3L1_HUMAN
289,0,KI3L1_HUMAN
290,0,KI3L1_HUMAN
291,0,KI3L1_HUMAN
292,0,KI3L1_HUMAN
293,0,KI3L1_HUMAN
294,0,KI3L1_HUMAN
295,0,KI3L1_HUMAN
296,0,KI3L1_HUMAN
297,0,KI3L1_HUMAN
298,0,KI3L1_HUMAN
299,0,KI3L1_HUMAN
300,0,KI3L1_HUMAN
301,0,KI3L1_HUMAN
302,0,KI3L1_HUMAN
303,0,KI3L1_HUMAN
304,0,KI3L1_HUMAN
305,0,KI3L1_HUMAN
306,0,KI3L1_HUMAN
307,0,KI3L1_HUMAN
308,0,KI3L1_HUMAN
309,0,KI3L1_HUMAN
310,0,KI3L1_HUMAN
311,0,KI3L1_HUMAN
312,0,KI3L1_HUMAN
313,0,KI3L1_HUMAN
314,0,KI3L1_HUMAN
315,0,KI3L1_HUMAN
316,0,KI3L1_HUMAN
317,0,KI3L1_HUMAN
318,0,KI3L1_HUMAN
319,0,KI3L1_HUMAN
320,0,KI3L1_HUMAN
321,0,KI3L1_HUMAN
322,0,KI3L1_HUMAN
323,0,KI3L1_HUMAN
324,0,KI3L1_HUMAN
325,0,KI3L1_HUMAN
326,0,KI3L1_HUMAN
327,0,KI3L1_HUMAN
328,0,KI3L1_HUMAN
329,0,KI3L1_HUMAN
330,0,KI3L1_HUMAN
331,0,KI3L1_HUMAN
332,0,KI3L1_HUMAN
333,0,KI3L1_HUMAN
334,0,KI3L1_HUMAN
335,0,KI3L1_HUMAN
336,0,KI3L1_HUMAN
337,0,KI3L1_HUMAN
338,0,KI3L1_HUMAN
339,0,KI3L1_HUMAN
340,0,KI3L1_HUMAN
341,0,KI3L1_HUMAN
342,0,KI3L1_HUMAN
343,0,KI3L1_HUMAN
344,0,KI3L1_HUMAN
345,0,KI3L1_HUMAN
346,0,KI3L1_HUMAN
347,0,KI3L1_HUMAN
348,0,KI3L1_HUMAN
349,0,KI3L1_HUMAN
350,0,KI3L1_HUMAN
351,0,KI3L1_HUMAN
352,0,KI3L1_HUMAN
353,0,KI3L1_HUMAN
354,0,KI3L1_HUMAN
355,0,KI3L1_HUMAN
356,0,KI3L1_HUMAN
357,0,KI3L1_HUMAN
358,0,KI3L1_HUMAN
359,0,KI3L1_HUMAN
360,0,KI3L1_HUMAN
361,0,KI3L1_HUMAN
362,0,KI3L1_HUMAN
363,0,KI3L1_HUMAN
364,0,KI3L1_HUMAN
365,0,KI3L1_HUMAN
366,0,KI3L1_HUMAN
367,0,KI3L1_HUMAN
368,0,KI3L1_HUMAN
369,0,KI3L1_HUMAN
370,0,KI3L1_HUMAN
371,0,KI3L1_HUMAN
372,0,KI3L1_HUMAN
373,0,KI3L1_HUMAN
374,0,KI3L1_HUMAN
375,0,KI3L1_HUMAN
376,0,KI3L1_HUMAN
377,0,KI3L1_HUMAN
378,0,KI3L1_HUMAN
379,0,KI3L1_HUMAN
380,0,KI3L1_HUMAN
381,0,KI3L1_HUMAN
382,0,KI3L1_HUMAN
383,0,KI3L1_HUMAN
384,0,KI3L1_HUMAN
385,0,KI3L1_HUMAN
386,0,KI3L1_HUMAN
387,0,KI3L1_HUMAN
388,0,KI3L1_HUMAN
389,0,KI3L1_HUMAN
390,0,KI3L1_HUMAN
391,0,KI3L1_HUMAN
392,0,KI3L1_HUMAN
393,0,KI3L1_HUMAN
394,0,KI3L1_HUMAN
395,0,KI3L1_HUMAN
396,0,KI3L1_HUMAN
397,0,KI3L1_HUMAN
398,0,KI3L1_HUMAN
399,0,KI3L1_HUMAN
400,0,KI3L1_HUMAN
401,0,KI3L1_HUMAN
402,0,KI3L1_HUMAN
403,0,KI3L1_HUMAN
404,0,KI3L1_HUMAN
405,0,KI3L1_HUMAN
406,0,KI3L1_HUMAN
407,0,KI3L1_HUMAN
408,0,KI3L1_HUMAN
409,0,KI3L1_HUMAN
410,0,KI3L1_HUMAN
411,0,KI3L1_HUMAN
412,0,KI3L1_HUMAN
413,0,KI3L1_HUMAN
414,0,KI3L1_HUMAN
415,0,KI3L1_HUMAN
416,0,KI3L1_HUMAN
417,0,KI3L1_HUMAN
418,0,KI3L1_HUMAN
419,0,KI3L1_HUMAN
420,0,KI3L1_HUMAN
421,0,KI3L1_HUMAN
422,0,KI3L1_HUMAN
423,0,KI3L1_HUMAN
424,0,KI3L1_HUMAN
425,0,KI3L1_HUMAN
426,0,KI3L1_HUMAN
427,0,KI3L1_HUMAN
428,0,KI3L1_HUMAN
429,0,KI3L1_HUMAN
430,0,KI3L1_HUMAN
431,0,KI3L1_HUMAN
432,0,KI3L1_HUMAN
433,0,KI3L1_HUMAN
434,0,KI3L1_HUMAN
435,0,KI3L1_HUMAN
436,0,KI3L1_HUMAN
437,0,KI3L1_HUMAN
438,0,KI3L1_HUMAN
439,0,KI3L1_HUMAN
440,0,KI3L1_HUMAN
